order_id,customer_id,order_date,amount,status
1001,1,2024-01-05,2598.0,Completed
1002,3,2024-01-08,1299.0,Completed
1003,5,2024-01-12,8999.0,Completed
1004,2,2024-01-15,898.0,Cancelled
1005,7,2024-01-18,5998.0,Completed
1006,9,2024-01-22,1398.0,Pending
1007,4,2024-01-25,699.0,Completed
1008,6,2024-01-28,3798.0,Completed
1009,10,2024-02-02,2199.0,Completed
1010,12,2024-02-05,4999.0,Cancelled
1011,13,2024-02-08,1498.0,Completed
1012,15,2024-02-11,798.0,Completed
1013,8,2024-02-14,2798.0,Pending
1014,11,2024-02-17,1199.0,Completed
1015,16,2024-02-20,9998.0,Completed
1016,18,2024-02-23,549.0,Completed
1017,20,2024-02-26,3598.0,Cancelled
1018,14,2024-03-01,1799.0,Completed
1019,17,2024-03-04,448.0,Completed
1020,19,2024-03-07,2498.0,Completed
1021,21,2024-03-10,1299.0,Pending
1022,22,2024-03-13,6998.0,Completed
1023,23,2024-03-16,898.0,Completed
1024,24,2024-03-19,1598.0,Cancelled
1025,25,2024-03-22,2998.0,Completed
1026,26,2024-03-25,4499.0,Completed
1027,1,2024-04-01,1799.0,Completed
1028,5,2024-04-04,3298.0,Completed
1029,7,2024-04-07,5499.0,Cancelled
1030,13,2024-04-10,2399.0,Completed
1031,27,2024-04-13,699.0,Completed
1032,28,2024-04-16,1148.0,Pending
1033,29,2024-04-19,8999.0,Completed
1034,30,2024-04-22,1299.0,Completed
1035,2,2024-04-25,499.0,Completed
1036,31,2024-04-28,2998.0,Cancelled
1037,32,2024-05-01,1799.0,Completed
1038,3,2024-05-04,4999.0,Completed
1039,33,2024-05-07,798.0,Completed
1040,34,2024-05-10,3198.0,Pending
1041,35,2024-05-13,1099.0,Completed
1042,4,2024-05-16,2698.0,Completed
1043,6,2024-05-19,648.0,Cancelled
1044,8,2024-05-22,5299.0,Completed
1045,10,2024-05-25,1999.0,Completed
1046,12,2024-05-28,3499.0,Completed
1047,14,2024-06-01,899.0,Pending
1048,16,2024-06-04,2199.0,Completed
1049,18,2024-06-07,1399.0,Completed
1050,20,2024-06-10,6999.0,Completed
1051,22,2024-06-13,749.0,Cancelled
1052,24,2024-06-16,2499.0,Completed
1053,26,2024-06-19,1299.0,Completed
1054,9,2024-06-22,4799.0,Completed
1055,11,2024-06-25,1698.0,Pending
1056,15,2024-06-28,999.0,Completed
1057,17,2024-07-01,3299.0,Completed
1058,19,2024-07-04,2099.0,Cancelled
1059,21,2024-07-07,1499.0,Completed
1060,23,2024-07-10,849.0,Completed
1061,25,2024-07-13,5799.0,Completed
1062,27,2024-07-16,1199.0,Pending
1063,29,2024-07-19,2899.0,Completed
1064,31,2024-07-22,3999.0,Completed
1065,33,2024-07-25,699.0,Cancelled
1066,35,2024-07-28,1899.0,Completed
1067,1,2024-08-01,4299.0,Completed
1068,5,2024-08-04,2799.0,Completed
1069,7,2024-08-07,1099.0,Pending
1070,13,2024-08-10,6499.0,Completed
1071,2,2024-08-13,549.0,Completed
1072,4,2024-08-16,3799.0,Cancelled
1073,6,2024-08-19,1599.0,Completed
1074,8,2024-08-22,2299.0,Completed
1075,20,2024-09-01,4999.0,Completed
1076,22,2024-09-05,1299.0,Pending
1077,24,2024-09-09,3499.0,Completed
1078,16,2024-09-13,2199.0,Completed
1079,28,2024-09-17,999.0,Cancelled
1080,30,2024-09-21,5299.0,Completed
1081,34,2024-10-01,1799.0,Completed
1082,3,2024-10-06,2999.0,Completed
1083,9,2024-10-11,4499.0,Pending
1084,11,2024-10-16,1299.0,Completed
1085,15,2024-10-21,3299.0,Completed
1086,17,2024-10-26,1099.0,Cancelled
1087,1,2024-11-02,7999.0,Completed
1088,5,2024-11-05,5499.0,Completed
1089,7,2024-11-08,8999.0,Completed
1090,13,2024-11-11,3799.0,Completed
1091,20,2024-11-14,6299.0,Completed
1092,29,2024-11-17,4199.0,Pending
1093,34,2024-11-20,2499.0,Completed
1094,16,2024-12-05,9499.0,Completed
1095,24,2024-12-10,5999.0,Completed
1096,2,2024-12-15,3299.0,Cancelled
1097,8,2024-12-20,7499.0,Completed
1098,12,2024-12-26,2999.0,Completed
1099,30,2025-01-10,1899.0,Completed
1100,35,2025-01-18,3499.0,Pending
1101,19,2025-02-05,2199.0,Completed
1102,27,2025-02-14,4999.0,Completed
1103,33,2025-02-22,1299.0,Completed
1104,6,2025-03-01,3799.0,Cancelled
1105,14,2025-03-10,2099.0,Completed
1106,114,2025-11-13,480.0,Completed
1107,64,2025-12-17,2960.0,Completed
1108,70,2024-12-02,22700.0,Completed
1109,40,2024-03-28,2160.0,Completed
1110,108,2026-01-12,6350.0,Completed
1111,110,2023-10-19,400.0,Completed
1112,84,2024-12-06,17420.0,Completed
1113,5,2026-01-23,16470.0,Pending
1114,11,2023-11-23,390.0,Completed
1115,66,2025-02-08,500.0,Pending
1116,28,2024-02-25,1790.0,Completed
1117,31,2024-12-26,2320.0,Completed
1118,108,2025-10-14,6710.0,Completed
1119,134,2025-08-24,530.0,Cancelled
1120,23,2025-10-23,1300.0,Completed
1121,72,2025-12-08,1790.0,Completed
1122,62,2025-10-16,490.0,Completed
1123,79,2025-08-01,1740.0,Completed
1124,138,2024-01-29,2780.0,Pending
1125,135,2025-01-23,2230.0,Pending
1126,142,2025-10-16,1480.0,Completed
1127,48,2023-04-30,4910.0,Completed
1128,148,2023-05-04,1450.0,Pending
1129,31,2025-07-09,2560.0,Completed
1130,26,2023-12-02,11040.0,Completed
1131,121,2024-09-02,920.0,Completed
1132,60,2023-11-16,7770.0,Cancelled
1133,146,2024-08-28,920.0,Completed
1134,139,2025-10-22,960.0,Completed
1135,7,2023-07-21,1700.0,Pending
1136,69,2026-04-09,660.0,Completed
1137,72,2025-10-18,2220.0,Completed
1138,42,2024-11-20,440.0,Cancelled
1139,141,2024-10-20,1330.0,Cancelled
1140,1,2023-05-06,6600.0,Completed
1141,53,2024-08-26,13440.0,Completed
1142,62,2023-12-05,1110.0,Pending
1143,30,2023-11-26,360.0,Completed
1144,124,2025-09-08,11030.0,Completed
1145,35,2023-06-06,270.0,Completed
1146,1,2025-10-13,19630.0,Completed
1147,140,2024-11-04,440.0,Completed
1148,82,2023-11-22,360.0,Completed
1149,26,2025-07-04,9490.0,Cancelled
1150,40,2024-07-10,13350.0,Completed
1151,137,2025-10-10,440.0,Pending
1152,59,2023-08-08,6680.0,Completed
1153,15,2024-09-06,1400.0,Completed
1154,47,2023-12-29,1080.0,Completed
1155,150,2023-11-04,4760.0,Cancelled
1156,74,2026-02-07,19470.0,Pending
1157,65,2025-09-30,1470.0,Pending
1158,76,2025-04-04,400.0,Completed
1159,74,2023-10-22,25560.0,Completed
1160,149,2024-11-03,550.0,Completed
1161,70,2023-12-17,1190.0,Completed
1162,20,2023-10-30,7040.0,Completed
1163,143,2025-02-02,330.0,Completed
1164,68,2025-02-13,2730.0,Pending
1165,84,2023-09-10,6220.0,Completed
1166,138,2023-10-19,2520.0,Completed
1167,107,2024-08-09,740.0,Completed
1168,93,2025-01-18,320.0,Cancelled
1169,24,2023-02-27,3500.0,Completed
1170,142,2023-11-05,570.0,Completed
1171,7,2023-10-11,12800.0,Completed
1172,33,2023-08-26,980.0,Cancelled
1173,134,2024-09-23,690.0,Completed
1174,28,2025-10-15,1100.0,Completed
1175,33,2025-11-12,1680.0,Completed
1176,87,2025-07-31,490.0,Completed
1177,96,2023-11-23,150.0,Completed
1178,25,2026-02-27,1450.0,Completed
1179,109,2024-10-15,11470.0,Completed
1180,28,2025-02-05,640.0,Pending
1181,143,2024-07-15,930.0,Completed
1182,37,2023-06-06,920.0,Completed
1183,108,2025-08-01,17120.0,Pending
1184,22,2023-05-02,14360.0,Completed
1185,109,2025-10-05,1920.0,Completed
1186,111,2023-08-30,1300.0,Completed
1187,102,2023-05-07,3470.0,Completed
1188,84,2023-09-17,29480.0,Completed
1189,59,2025-11-04,300.0,Completed
1190,5,2024-10-17,4810.0,Completed
1191,104,2025-01-25,1800.0,Completed
1192,102,2024-10-11,2820.0,Completed
1193,30,2024-12-30,7710.0,Completed
1194,45,2023-11-24,860.0,Completed
1195,119,2024-11-06,1200.0,Completed
1196,71,2023-06-15,380.0,Completed
1197,24,2025-11-18,6040.0,Completed
1198,49,2024-11-01,550.0,Completed
1199,45,2023-04-05,5100.0,Completed
1200,96,2024-08-16,990.0,Cancelled
1201,86,2024-08-18,12760.0,Completed
1202,90,2024-10-11,1100.0,Pending
1203,80,2024-11-17,1380.0,Completed
1204,93,2024-12-14,430.0,Completed
1205,76,2023-08-10,1380.0,Cancelled
1206,34,2025-02-24,1780.0,Completed
1207,113,2025-07-22,590.0,Completed
1208,50,2023-10-25,2770.0,Completed
1209,133,2023-09-27,1460.0,Completed
1210,112,2024-12-30,410.0,Completed
1211,21,2024-10-28,7870.0,Completed
1212,121,2023-10-26,9680.0,Completed
1213,66,2025-12-30,890.0,Completed
1214,108,2025-08-08,21380.0,Completed
1215,62,2023-11-06,2970.0,Completed
1216,135,2025-01-22,2880.0,Completed
1217,121,2023-06-02,1220.0,Cancelled
1218,35,2024-12-08,1250.0,Completed
1219,35,2025-08-09,2650.0,Completed
1220,80,2025-12-05,1410.0,Cancelled
1221,49,2024-08-22,1000.0,Completed
1222,95,2025-10-29,240.0,Cancelled
1223,21,2024-11-05,410.0,Completed
1224,114,2025-06-23,420.0,Completed
1225,132,2023-12-08,2170.0,Completed
1226,94,2026-03-21,1220.0,Completed
1227,20,2026-04-04,4760.0,Completed
1228,30,2025-11-02,840.0,Completed
1229,74,2025-10-16,9450.0,Completed
1230,23,2024-10-30,430.0,Cancelled
1231,41,2025-11-21,1370.0,Completed
1232,142,2026-02-17,430.0,Completed
1233,123,2025-12-26,4350.0,Completed
1234,19,2025-12-09,990.0,Completed
1235,15,2024-09-28,550.0,Completed
1236,73,2023-06-25,25810.0,Completed
1237,137,2023-12-26,620.0,Cancelled
1238,87,2026-03-14,120.0,Cancelled
1239,68,2024-09-24,2460.0,Completed
1240,41,2025-08-23,520.0,Completed
1241,89,2025-04-10,4040.0,Completed
1242,32,2023-10-30,1090.0,Completed
1243,41,2024-11-15,710.0,Completed
1244,79,2025-10-29,670.0,Completed
1245,91,2023-04-24,2730.0,Cancelled
1246,111,2023-10-16,1050.0,Completed
1247,14,2023-06-14,240.0,Completed
1248,31,2023-10-05,2330.0,Completed
1249,37,2023-04-17,2160.0,Completed
1250,132,2023-10-28,950.0,Completed
1251,77,2024-12-03,350.0,Completed
1252,5,2024-10-06,28770.0,Completed
1253,149,2025-09-24,180.0,Completed
1254,147,2023-08-28,9220.0,Completed
1255,106,2025-11-07,7950.0,Completed
1256,84,2024-10-18,5870.0,Completed
1257,68,2025-10-02,6040.0,Pending
1258,77,2025-10-12,580.0,Cancelled
1259,74,2023-11-12,4340.0,Completed
1260,55,2024-07-24,6040.0,Pending
1261,58,2024-05-05,4200.0,Completed
1262,36,2023-12-04,4900.0,Pending
1263,83,2024-12-01,5950.0,Pending
1264,130,2025-08-30,2150.0,Completed
1265,48,2024-02-14,1130.0,Completed
1266,103,2023-07-29,530.0,Completed
1267,99,2026-04-02,1040.0,Completed
1268,120,2024-10-04,570.0,Completed
1269,80,2024-09-10,2810.0,Completed
1270,96,2025-12-31,1640.0,Completed
1271,130,2023-11-17,2610.0,Completed
1272,126,2025-07-31,8810.0,Completed
1273,79,2023-06-13,750.0,Pending
1274,18,2025-09-07,4350.0,Completed
1275,108,2026-01-23,860.0,Completed
1276,33,2023-11-28,230.0,Completed
1277,5,2024-05-21,6360.0,Completed
1278,13,2023-05-10,3420.0,Completed
1279,83,2023-11-07,3750.0,Completed
1280,45,2024-10-28,18380.0,Completed
1281,122,2023-11-06,1140.0,Completed
1282,100,2024-05-26,460.0,Completed
1283,138,2024-02-09,8180.0,Cancelled
1284,144,2024-11-26,390.0,Completed
1285,123,2024-08-16,1040.0,Completed
1286,128,2025-08-26,490.0,Pending
1287,95,2024-10-16,5610.0,Completed
1288,150,2024-12-06,590.0,Cancelled
1289,118,2023-12-25,1490.0,Completed
1290,139,2025-05-08,1750.0,Completed
1291,130,2025-08-05,2780.0,Completed
1292,142,2025-05-06,370.0,Completed
1293,111,2024-01-17,1370.0,Completed
1294,65,2025-04-06,1240.0,Completed
1295,77,2023-03-20,1070.0,Completed
1296,44,2024-11-23,3560.0,Pending
1297,146,2025-09-14,870.0,Completed
1298,46,2024-10-20,970.0,Cancelled
1299,20,2024-09-18,6140.0,Completed
1300,99,2023-10-28,360.0,Completed
1301,26,2025-06-28,2200.0,Pending
1302,102,2024-11-08,770.0,Completed
1303,48,2025-03-03,900.0,Completed
1304,69,2023-11-26,620.0,Completed
1305,24,2025-07-13,13840.0,Completed
1306,143,2023-08-14,1440.0,Cancelled
1307,99,2023-12-28,580.0,Completed
1308,17,2023-12-23,350.0,Completed
1309,64,2025-10-26,2600.0,Completed
1310,102,2024-11-25,970.0,Cancelled
1311,35,2024-09-21,710.0,Pending
1312,82,2025-10-16,800.0,Cancelled
1313,101,2025-01-31,810.0,Completed
1314,141,2023-10-27,12930.0,Completed
1315,97,2023-07-08,13130.0,Completed
1316,12,2024-11-24,9050.0,Completed
1317,133,2026-04-07,2400.0,Completed
1318,129,2023-11-19,1290.0,Pending
1319,22,2023-11-13,2930.0,Completed
1320,116,2024-10-29,110.0,Completed
1321,43,2026-02-18,1170.0,Cancelled
1322,48,2025-06-18,700.0,Completed
1323,55,2024-03-11,6760.0,Cancelled
1324,48,2025-08-09,370.0,Completed
1325,100,2024-12-27,650.0,Cancelled
1326,22,2023-10-16,5910.0,Completed
1327,131,2023-10-24,680.0,Completed
1328,45,2026-02-24,14460.0,Completed
1329,14,2025-10-03,1090.0,Completed
1330,105,2025-10-18,9270.0,Completed
1331,57,2024-09-04,12370.0,Completed
1332,127,2026-04-01,520.0,Completed
1333,11,2025-06-03,250.0,Completed
1334,68,2024-12-28,2600.0,Completed
1335,90,2025-06-09,720.0,Completed
1336,90,2026-01-22,900.0,Pending
1337,132,2023-07-29,7140.0,Completed
1338,33,2023-10-13,2120.0,Completed
1339,126,2023-11-07,2650.0,Cancelled
1340,24,2025-10-10,5080.0,Pending
1341,92,2025-04-08,9040.0,Cancelled
1342,87,2024-12-18,7240.0,Cancelled
1343,118,2023-02-17,4590.0,Pending
1344,52,2023-10-12,14890.0,Completed
1345,22,2023-12-19,2050.0,Completed
1346,24,2023-07-28,2140.0,Completed
1347,114,2023-02-03,550.0,Completed
1348,19,2023-08-12,2020.0,Cancelled
1349,35,2023-11-10,640.0,Completed
1350,39,2023-10-28,560.0,Completed
1351,36,2024-06-05,810.0,Cancelled
1352,73,2024-09-23,5670.0,Completed
1353,14,2023-09-02,370.0,Completed
1354,93,2024-10-24,2520.0,Completed
1355,121,2023-06-13,3110.0,Pending
1356,102,2025-11-17,1330.0,Completed
1357,22,2023-11-23,720.0,Pending
1358,40,2024-05-17,2580.0,Completed
1359,80,2024-01-09,6800.0,Completed
1360,89,2025-12-21,830.0,Cancelled
1361,69,2025-06-12,460.0,Completed
1362,128,2025-08-04,1320.0,Completed
1363,66,2023-09-08,120.0,Completed
1364,12,2025-09-07,1530.0,Pending
1365,108,2024-10-31,7550.0,Completed
1366,14,2025-12-06,440.0,Completed
1367,80,2024-11-06,390.0,Cancelled
1368,63,2025-08-22,950.0,Cancelled
1369,63,2023-11-19,900.0,Completed
1370,3,2024-12-01,530.0,Completed
1371,53,2023-11-15,2930.0,Completed
1372,22,2025-04-01,1060.0,Completed
1373,75,2024-11-02,500.0,Completed
1374,28,2023-12-17,2460.0,Pending
1375,54,2025-07-28,3170.0,Completed
1376,11,2024-11-16,810.0,Completed
1377,77,2024-01-06,380.0,Completed
1378,119,2023-10-28,1500.0,Completed
1379,22,2023-06-17,1610.0,Completed
1380,85,2023-09-22,190.0,Completed
1381,102,2025-10-27,1170.0,Pending
1382,71,2024-08-10,370.0,Completed
1383,76,2025-11-01,1720.0,Completed
1384,135,2025-10-03,2860.0,Completed
1385,82,2024-04-07,130.0,Completed
1386,92,2023-08-08,750.0,Pending
1387,15,2024-01-05,2100.0,Pending
1388,8,2026-03-14,2820.0,Completed
1389,24,2023-05-10,1660.0,Completed
1390,52,2023-10-09,10820.0,Completed
1391,37,2024-12-04,950.0,Cancelled
1392,125,2024-10-25,2260.0,Cancelled
1393,97,2024-10-04,2540.0,Pending
1394,147,2026-03-22,11870.0,Completed
1395,128,2023-10-30,280.0,Completed
1396,23,2024-12-02,730.0,Completed
1397,28,2023-01-17,370.0,Completed
1398,97,2024-04-20,7420.0,Completed
1399,27,2023-06-15,4080.0,Pending
1400,24,2024-12-07,25110.0,Pending
1401,43,2025-06-22,200.0,Completed
1402,142,2024-08-13,400.0,Cancelled
1403,40,2025-06-08,12850.0,Completed
1404,75,2023-09-08,350.0,Completed
1405,140,2025-03-18,2310.0,Completed
1406,120,2024-07-07,3200.0,Completed
1407,25,2023-06-25,370.0,Completed
1408,147,2023-11-12,420.0,Completed
1409,109,2025-06-24,12280.0,Pending
1410,18,2023-07-12,270.0,Completed
1411,4,2025-12-20,3840.0,Completed
1412,26,2025-05-05,2790.0,Completed
1413,71,2025-04-19,1120.0,Cancelled
1414,61,2024-09-26,1310.0,Completed
1415,59,2023-10-17,500.0,Completed
1416,107,2023-07-16,1130.0,Completed
1417,96,2023-12-06,6810.0,Cancelled
1418,146,2023-03-15,7820.0,Completed
1419,13,2024-07-29,5640.0,Completed
1420,8,2025-07-16,9780.0,Cancelled
1421,24,2024-08-20,2830.0,Completed
1422,57,2025-12-01,1470.0,Completed
1423,3,2024-04-17,460.0,Completed
1424,109,2025-08-12,2040.0,Completed
1425,150,2023-08-12,1070.0,Completed
1426,77,2023-08-24,870.0,Completed
1427,77,2024-02-04,7270.0,Cancelled
1428,104,2024-10-30,900.0,Completed
1429,108,2024-12-17,7120.0,Completed
1430,92,2025-11-18,4780.0,Completed
1431,67,2024-12-02,210.0,Completed
1432,85,2024-09-08,130.0,Completed
1433,19,2025-11-04,10680.0,Cancelled
1434,36,2025-08-09,6860.0,Completed
1435,46,2024-10-17,2080.0,Cancelled
1436,148,2023-12-05,480.0,Completed
1437,104,2025-03-10,1620.0,Completed
1438,83,2026-01-06,1530.0,Completed
1439,89,2024-10-15,1330.0,Completed
1440,12,2025-12-23,550.0,Completed
1441,49,2023-12-18,8610.0,Pending
1442,55,2023-12-27,290.0,Completed
1443,137,2023-02-24,1150.0,Completed
1444,122,2023-11-24,320.0,Completed
1445,134,2023-10-22,2900.0,Completed
1446,28,2025-10-30,740.0,Completed
1447,105,2024-09-10,2830.0,Completed
1448,61,2023-01-20,530.0,Completed
1449,24,2025-11-27,2330.0,Completed
1450,76,2024-10-16,540.0,Completed
1451,36,2023-12-30,550.0,Completed
1452,88,2024-01-24,240.0,Completed
1453,123,2023-12-22,580.0,Completed
1454,124,2023-10-09,1260.0,Completed
1455,81,2025-12-24,210.0,Completed
1456,87,2025-12-13,500.0,Completed
1457,89,2025-03-13,560.0,Completed
1458,41,2025-11-15,1110.0,Completed
1459,72,2025-10-31,2840.0,Completed
1460,106,2026-03-11,1230.0,Cancelled
1461,58,2025-08-02,6410.0,Completed
1462,116,2023-09-05,750.0,Cancelled
1463,75,2023-08-20,170.0,Cancelled
1464,105,2023-08-22,320.0,Completed
1465,118,2025-11-09,770.0,Cancelled
1466,124,2025-11-21,950.0,Completed
1467,83,2025-11-10,27690.0,Pending
1468,76,2023-10-24,250.0,Completed
1469,81,2024-03-01,900.0,Completed
1470,46,2025-11-11,1270.0,Completed
1471,147,2025-12-20,1400.0,Completed
1472,42,2023-11-10,720.0,Completed
1473,116,2025-11-26,890.0,Pending
1474,100,2024-10-16,330.0,Completed
1475,114,2023-06-16,1350.0,Completed
1476,143,2024-07-09,820.0,Completed
1477,40,2023-04-06,990.0,Completed
1478,78,2025-10-15,140.0,Completed
1479,57,2025-11-07,950.0,Completed
1480,85,2023-02-02,220.0,Completed
1481,63,2024-11-02,2380.0,Completed
1482,133,2025-11-21,2720.0,Completed
1483,25,2023-12-23,7340.0,Completed
1484,55,2023-11-25,6870.0,Completed
1485,65,2026-03-02,770.0,Completed
1486,104,2025-06-19,8380.0,Completed
1487,17,2023-06-12,250.0,Completed
1488,23,2025-06-29,7730.0,Completed
1489,101,2023-11-06,2330.0,Completed
1490,32,2023-04-10,1110.0,Completed
1491,54,2024-12-19,6290.0,Completed
1492,65,2024-02-16,6500.0,Cancelled
1493,141,2023-06-13,7210.0,Completed
1494,85,2025-01-15,780.0,Completed
1495,50,2024-10-26,2050.0,Completed
1496,94,2024-10-23,310.0,Completed
1497,112,2023-10-17,1280.0,Cancelled
1498,125,2026-02-17,490.0,Completed
1499,138,2023-11-13,1990.0,Completed
1500,102,2023-12-20,2150.0,Pending
1501,38,2025-10-01,1700.0,Completed
1502,95,2024-05-08,560.0,Completed
1503,117,2023-04-20,2130.0,Completed
1504,71,2026-03-27,1080.0,Cancelled
1505,20,2025-12-08,12300.0,Cancelled
1506,125,2023-10-26,1120.0,Completed
1507,48,2023-12-03,540.0,Cancelled
1508,30,2025-09-22,1140.0,Completed
1509,42,2023-10-17,1320.0,Completed
1510,47,2025-12-08,5910.0,Completed
1511,73,2023-07-09,24870.0,Cancelled
1512,37,2025-11-26,2200.0,Completed
1513,97,2025-03-14,1570.0,Completed
1514,108,2023-11-17,5400.0,Cancelled
1515,137,2025-11-11,2070.0,Pending
1516,111,2025-12-19,1380.0,Cancelled
1517,98,2026-04-08,1840.0,Pending
1518,22,2024-02-06,830.0,Completed
1519,97,2024-10-22,2770.0,Completed
1520,138,2025-10-01,2210.0,Completed
1521,31,2023-12-12,550.0,Completed
1522,14,2023-12-10,6210.0,Completed
1523,112,2023-07-14,1060.0,Cancelled
1524,103,2025-12-17,990.0,Completed
1525,113,2025-12-11,1340.0,Completed
1526,10,2024-12-27,820.0,Completed
1527,104,2026-04-06,4870.0,Completed
1528,76,2024-12-11,1350.0,Completed
1529,148,2024-06-26,450.0,Cancelled
1530,106,2024-07-07,440.0,Completed
1531,142,2026-04-03,360.0,Completed
1532,62,2024-07-11,810.0,Completed
1533,28,2025-10-19,970.0,Completed
1534,148,2025-11-26,2820.0,Cancelled
1535,123,2026-01-26,1110.0,Completed
1536,31,2025-12-11,830.0,Completed
1537,26,2024-11-11,5070.0,Pending
1538,88,2025-02-02,310.0,Completed
1539,103,2024-08-09,1340.0,Cancelled
1540,70,2025-03-05,1470.0,Completed
1541,128,2023-10-17,370.0,Cancelled
1542,77,2026-03-22,630.0,Completed
1543,25,2024-06-30,580.0,Completed
1544,106,2023-09-20,710.0,Completed
1545,45,2024-08-19,5680.0,Completed
1546,21,2023-11-07,1160.0,Completed
1547,19,2023-06-26,2080.0,Completed
1548,102,2025-12-16,190.0,Completed
1549,61,2023-06-27,4250.0,Cancelled
1550,141,2023-05-05,18010.0,Completed
1551,22,2023-10-10,920.0,Cancelled
1552,84,2025-09-16,3730.0,Pending
1553,139,2024-12-26,1170.0,Completed
1554,40,2024-09-27,10570.0,Completed
1555,126,2025-09-18,2560.0,Cancelled
1556,141,2025-02-18,23370.0,Completed
1557,100,2024-07-24,1390.0,Completed
1558,18,2024-01-23,1230.0,Completed
1559,126,2023-11-22,390.0,Completed
1560,33,2024-05-05,2820.0,Completed
1561,128,2023-11-10,1580.0,Cancelled
1562,65,2024-06-07,480.0,Completed
1563,25,2025-12-17,1270.0,Completed
1564,83,2023-12-05,7600.0,Completed
1565,77,2024-11-09,300.0,Completed
1566,11,2023-11-28,810.0,Completed
1567,87,2023-05-17,620.0,Completed
1568,125,2024-12-26,1590.0,Completed
1569,35,2025-10-04,900.0,Completed
1570,48,2025-08-31,7810.0,Completed
1571,76,2025-08-01,290.0,Cancelled
1572,94,2025-10-29,880.0,Completed
1573,25,2025-12-21,190.0,Completed
1574,125,2024-02-11,2390.0,Completed
1575,66,2023-06-09,580.0,Completed
1576,16,2025-12-13,28760.0,Completed
1577,64,2023-12-22,1120.0,Completed
1578,114,2024-11-11,960.0,Completed
1579,97,2024-06-18,19820.0,Completed
1580,73,2024-09-24,12270.0,Cancelled
1581,71,2023-11-27,4770.0,Completed
1582,150,2024-06-09,920.0,Completed
1583,56,2025-09-29,1190.0,Completed
1584,148,2025-03-06,280.0,Completed
1585,31,2025-03-08,970.0,Completed
1586,129,2024-04-11,1100.0,Completed
1587,130,2023-07-18,6750.0,Completed
1588,147,2024-07-05,2580.0,Cancelled
1589,124,2026-03-05,1600.0,Completed
1590,64,2024-05-25,1180.0,Completed
1591,29,2024-12-28,16290.0,Completed
1592,90,2025-07-05,780.0,Completed
1593,22,2023-11-13,910.0,Completed
1594,121,2023-10-31,880.0,Completed
1595,12,2024-06-21,1620.0,Completed
1596,3,2025-03-16,600.0,Pending
1597,125,2026-01-07,2850.0,Completed
1598,11,2024-09-30,620.0,Completed
1599,78,2025-11-05,360.0,Completed
1600,39,2024-12-14,1360.0,Completed
1601,59,2025-05-18,1170.0,Completed
1602,115,2026-01-29,580.0,Cancelled
1603,36,2024-10-08,320.0,Pending
1604,38,2024-10-26,1280.0,Cancelled
1605,8,2024-10-28,2480.0,Pending
